{"cameraMode":{"drawMode":0,"name":"Shaded","section":"Shading Mode"},"sceneLighting":true,"audioPlay":false,"sceneViewState":{"showFog":true,"showMaterialUpdate":false,"showSkybox":true,"showFlares":true,"showImageEffects":true,"showParticleSystems":true},"in2DMode":false,"pivot":{"x":-29.373451232910158,"y":5.920124053955078,"z":16.372425079345704},"rotation":{"x":-0.16149269044399262,"y":0.5681619048118591,"z":-0.11487599462270737,"w":-0.7987189292907715},"size":67.83174896240235,"orthographic":false}