{"cameraMode":{"drawMode":0,"name":"Shaded","section":"Shading Mode"},"sceneLighting":true,"audioPlay":false,"sceneViewState":{"showFog":true,"showMaterialUpdate":false,"showSkybox":true,"showFlares":true,"showImageEffects":true,"showParticleSystems":true},"in2DMode":false,"pivot":{"x":-213.65231323242188,"y":54.57613754272461,"z":78.92852783203125},"rotation":{"x":0.00030019826954230666,"y":-0.3066794276237488,"z":0.00008130300557240844,"w":0.9518476128578186},"size":220.56887817382813,"orthographic":false}